<?xml version="1.0" encoding="utf-8"?>
<extension
	type="module"
	version="2.5"
	client="site">
	<name>mod_fullscreen_slideshow</name>
	<author>Daniel H Pavey</author>
	<creationDate>December 2011</creationDate>
	<copyright>East Devon IT</copyright>
	<license>GNU General Public License version 2 or later; see LICENSE.txt</license>
	<authorEmail>dan@eastdevon.it</authorEmail>
	<authorUrl>www.eastdevonit.co.uk</authorUrl>
	<version>0</version>
	<description></description>
	<files>
		<filename module="mod_fullscreen_slideshow">mod_fullscreen_slideshow.php</filename>
		<filename>helper.php</filename>
		<filename>index.html</filename>
		<filename>mod_fullscreen_slideshow.xml</filename>
		<folder>tmpl</folder>
		<folder>js</folder>
	</files>
	<languages>
	</languages>
	<config>
		<fields name="params">
			<fieldset name="basic">
                <field
                 name="moduleclass_sfx"
                 type="textarea" rows="3"
                 label="COM_MODULES_FIELD_MODULECLASS_SFX_LABEL"
                 description="COM_MODULES_FIELD_MODULECLASS_SFX_DESC" />
			</fieldset>
		</fields>
	</config>
</extension>
