<?xml version="1.0" encoding="utf-8"?>
<extension
	type="module"
	version="2.5"
	client="site"
	method="upgrade">
	<name>mod_joomgallery_slider</name>
	<author>Daniel H Pavey</author>
	<creationDate>September 2015</creationDate>
	<copyright>East Devon IT</copyright>
	<license>GNU General Public License version 2 or later; see LICENSE.txt</license>
	<authorEmail>dan@eastdevon.it</authorEmail>
	<authorUrl>www.eastdevonit.co.uk</authorUrl>
	<version>0.1</version>
	<description>Custom Joomgallery Slideshow Module. Defers loading of images with Javascript</description>
	<files>
		<filename module="mod_joomgallery_slider">mod_joomgallery_slider.php</filename>
		<filename>helper.php</filename>
		<filename>index.html</filename>
		<filename>mod_joomgallery_slider.xml</filename>
		<folder>tmpl</folder>
		<folder>js</folder>
		<folder>css</folder>
	</files>
	<languages>
	</languages>
	<config>
		<fields name="params">
			<fieldset name="basic">
			    <field
			        name="joomgallery-category"
			        type ="number"
			        label="Joomgallery Category ID"
			        description="The Category ID of the gallery you wish to display"
			        />
			    <field
			        name = "include-css"
			        type = "radio"
			        label = "Include CSS?"
			        description = "Do you want to load module CSS File. If you do not you will need to style slider in your own css file"
			        default = "1"
			        >
			        <option value = "0">No</option>
			        <option value = "1">Yes</option>
			        </field>
			    <field
			        name = "include-jquery"
			        type = "radio"
			        label = "Include jQuery?"
			        description = "Do you need the module to load jQuery for you?"
			        default = "0"
			        >
			        <option value = "0">No</option>
			        <option value = "1">Yes</option>
			        </field>
                <field
                    name = "width"
                    type = "text"
                    label = "Slider Width"
                    description = "Set a width for the slider"
                    default = "100%"
                    />
                <field
                    name = "height"
                    type = "text"
                    label = "Slider Height"
                    description = "Set a height for the slider"
                    default = "300px"
                    />
                <field 
                    name = "slideshowinterval"
                    type = "number"
                    label = "Slideshow Interval (ms)"
                    description = "Set the slideshow interval in milliseconds"
                    default = "9000"
                    />

                <field
                 name="moduleclass_sfx"
                 type="text"
                 label="COM_MODULES_FIELD_MODULECLASS_SFX_LABEL"
                 description="COM_MODULES_FIELD_MODULECLASS_SFX_DESC" />
			</fieldset>
		</fields>
	</config>
</extension>
